FullName,F_Name,Sort_Family,Popular_group_Name
ALLEPYRIS microneurus,Bethylidae,1,Wasp
BETHYLUS boops,Bethylidae,1,Wasp
BETHYLUS cephalotes,Bethylidae,1,Wasp
BETHYLUS dendrophilus,Bethylidae,1,Wasp
BETHYLUS fuscicornis,Bethylidae,1,Wasp
CEPHALONOMIA formiciformis,Bethylidae,1,Wasp
CEPHALONOMIA gallicola,Bethylidae,1,Wasp
CEPHALONOMIA hammi,Bethylidae,1,Wasp
CEPHALONOMIA tarsalis,Bethylidae,1,Wasp
CEPHALONOMIA waterstoni,Bethylidae,1,Wasp
EPYRIS bilineatus,Bethylidae,1,Wasp
EPYRIS brevipennis,Bethylidae,1,Wasp
EPYRIS niger,Bethylidae,1,Wasp
GONIOZUS claripennis,Bethylidae,1,Wasp
HOLEPYRIS glabratus,Bethylidae,1,Wasp
HOLEPYRIS sylvanidis,Bethylidae,1,Wasp
PLASTANOXUS chittendenii,Bethylidae,1,Wasp
PLASTANOXUS munroi,Bethylidae,1,Wasp
PLASTANOXUS westwoodi,Bethylidae,1,Wasp
PRISTOCERA depressa,Bethylidae,1,Wasp
PSEUDISOBRACHIUM subcyaneum,Bethylidae,1,Wasp
CHRYSIS angustula,Chrysididae,3,Wasp
CHRYSIS bicolor,Chrysididae,3,Wasp
CHRYSIS fulgida,Chrysididae,3,Wasp
CHRYSIS gracillima,Chrysididae,3,Wasp
CHRYSIS ignita s.l.,Chrysididae,3,Wasp
CHRYSIS ignita s.s.,Chrysididae,3,Wasp
CHRYSIS illigeri,Chrysididae,3,Wasp
CHRYSIS impressa,Chrysididae,3,Wasp
CHRYSIS longula,Chrysididae,3,Wasp
CHRYSIS mediata,Chrysididae,3,Wasp
CHRYSIS pseudobrevitarsis,Chrysididae,3,Wasp
CHRYSIS ruddii,Chrysididae,3,Wasp
CHRYSIS rutiliventris,Chrysididae,3,Wasp
CHRYSIS schencki,Chrysididae,3,Wasp
CHRYSIS viridula,Chrysididae,3,Wasp
CHRYSURA hirsuta,Chrysididae,3,Wasp
CHRYSURA radians,Chrysididae,3,Wasp
CLEPTES nitidulus,Chrysididae,3,Wasp
CLEPTES semiauratus,Chrysididae,3,Wasp
ELAMPUS panzeri,Chrysididae,3,Wasp
HEDYCHRIDIUM ardens,Chrysididae,3,Wasp
HEDYCHRIDIUM coriaceum,Chrysididae,3,Wasp
HEDYCHRIDIUM cupreum,Chrysididae,3,Wasp
HEDYCHRIDIUM roseum,Chrysididae,3,Wasp
HEDYCHRUM niemelai,Chrysididae,3,Wasp
HEDYCHRUM rutilans,Chrysididae,3,Wasp
HOPOLOGYA ovata,Chrysididae,3,Wasp
OMALUS aeneus,Chrysididae,3,Wasp
OMALUS puncticollis,Chrysididae,3,Wasp
PHILOCTETES truncatus,Chrysididae,3,Wasp
PSEUDOMALUS auratus,Chrysididae,3,Wasp
PSEUDOMALUS violaceus,Chrysididae,3,Wasp
PSEUDOSPINOLIA neglecta,Chrysididae,3,Wasp
TRICHRYSIS cyanea,Chrysididae,3,Wasp
ANTEON arcuatum,Dryinidae,5,Wasp
ANTEON brachycerum,Dryinidae,5,Wasp
ANTEON ephippiger,Dryinidae,5,Wasp
ANTEON exiguum,Dryinidae,5,Wasp
ANTEON faciale,Dryinidae,5,Wasp
ANTEON flavicorne,Dryinidae,5,Wasp
ANTEON fulviventre,Dryinidae,5,Wasp
ANTEON gaullei,Dryinidae,5,Wasp
ANTEON infectum,Dryinidae,5,Wasp
ANTEON jurineanum,Dryinidae,5,Wasp
ANTEON pubicorne,Dryinidae,5,Wasp
ANTEON reticulatum,Dryinidae,5,Wasp
ANTEON scapulare,Dryinidae,5,Wasp
ANTEON tripartitum,Dryinidae,5,Wasp
APHELOPUS atratus,Dryinidae,5,Wasp
APHELOPUS camus,Dryinidae,5,Wasp
APHELOPUS melaleucus,Dryinidae,5,Wasp
APHELOPUS nigriceps,Dryinidae,5,Wasp
APHELOPUS querceus,Dryinidae,5,Wasp
APHELOPUS serratus,Dryinidae,5,Wasp
DRYINUS collaris,Dryinidae,5,Wasp
DRYINUS niger,Dryinidae,5,Wasp
GONATOPUS albosignatus,Dryinidae,5,Wasp
GONATOPUS bicolor,Dryinidae,5,Wasp
GONATOPUS clavipes,Dryinidae,5,Wasp
GONATOPUS distinguendus,Dryinidae,5,Wasp
GONATOPUS formicicolus,Dryinidae,5,Wasp
GONATOPUS helleni,Dryinidae,5,Wasp
GONATOPUS lunatus,Dryinidae,5,Wasp
GONATOPUS pedestris,Dryinidae,5,Wasp
GONATOPUS striatus,Dryinidae,5,Wasp
HAPLOGONATOPUS oratorius,Dryinidae,5,Wasp
LONCHODRYINUS ruficornis,Dryinidae,5,Wasp
MYSTROPHORUS formicaeformis,Dryinidae,5,Wasp
EMBOLEMUS ruddii,Embolemidae,7,Wasp
SCOLIA sexmaculata,Scoliidae,8,Wasp
ANERGATES atratulus,Formicidae,9,Ant
APHAENOGASTER subterranea,Formicidae,9,Ant
CARDIOCONDYLA britteni,Formicidae,9,Ant
CREMATOGASTER scutellaris,Formicidae,9,Ant
FORMICA aquilonia,Formicidae,9,Ant
FORMICA cunicularia,Formicidae,9,Ant
FORMICA exsecta,Formicidae,9,Ant
FORMICA fusca,Formicidae,9,Ant
FORMICA lemani,Formicidae,9,Ant
FORMICA lugubris,Formicidae,9,Ant
FORMICA picea,Formicidae,9,Ant
FORMICA pratensis,Formicidae,9,Ant
FORMICA rufa,Formicidae,9,Ant
FORMICA rufibarbis,Formicidae,9,Ant
FORMICA sanguinea,Formicidae,9,Ant
FORMICOXENUS nitidulus,Formicidae,9,Ant
HYPOPONERA punctatissima,Formicidae,9,Ant
LASIUS alienus s.l.,Formicidae,9,Ant
LASIUS alienus s.s.,Formicidae,9,Ant
LASIUS brunneus,Formicidae,9,Ant
LASIUS emarginatus,Formicidae,9,Ant
LASIUS flavus,Formicidae,9,Ant
LASIUS fuliginosus,Formicidae,9,Ant
LASIUS meridionalis,Formicidae,9,Ant
LASIUS mixtus,Formicidae,9,Ant
LASIUS myops,Formicidae,9,Ant
LASIUS neglectus,Formicidae,9,Ant
LASIUS niger s.l.,Formicidae,9,Ant
LASIUS niger s.s.,Formicidae,9,Ant
LASIUS platythorax,Formicidae,9,Ant
LASIUS psammophilus,Formicidae,9,Ant
LASIUS sabularum,Formicidae,9,Ant
LASIUS umbratus,Formicidae,9,Ant
LEPTOTHORAX acervorum,Formicidae,9,Ant
LINEPITHEMA humile,Formicidae,9,Ant
LINEPITHEMA iniquinum,Formicidae,9,Ant
MONOMORIUM floricola,Formicidae,9,Ant
MONOMORIUM pharaonis,Formicidae,9,Ant
MYRMECINA graminicola,Formicidae,9,Ant
MYRMICA hirsuta,Formicidae,9,Ant
MYRMICA karavajevi,Formicidae,9,Ant
MYRMICA lobicornis,Formicidae,9,Ant
MYRMICA lonae,Formicidae,9,Ant
MYRMICA rubra,Formicidae,9,Ant
MYRMICA ruginodis,Formicidae,9,Ant
MYRMICA sabuleti,Formicidae,9,Ant
MYRMICA scabrinodis,Formicidae,9,Ant
MYRMICA schencki,Formicidae,9,Ant
MYRMICA specioides,Formicidae,9,Ant
MYRMICA sulcinodis,Formicidae,9,Ant
MYRMICA vandeli,Formicidae,9,Ant
PARATRECHINA longicornis,Formicidae,9,Ant
PHEIDOLE megacephala,Formicidae,9,Ant
PLAGIOLEPIS sp,Formicidae,9,Ant
PLAGIOLEPIS taurica,Formicidae,9,Ant
PONERA coarctata,Formicidae,9,Ant
PONERA testacea,Formicidae,9,Ant
SOLENOPSIS fugax,Formicidae,9,Ant
STENAMMA debile,Formicidae,9,Ant
STENAMMA westwoodii s.l.,Formicidae,9,Ant
STENAMMA westwoodii s.s.,Formicidae,9,Ant
STRONGYLOGNATHUS testaceus,Formicidae,9,Ant
TAPINOMA erraticum s.l.,Formicidae,9,Ant
TAPINOMA erraticum s.s.,Formicidae,9,Ant
TAPINOMA melanocephalum,Formicidae,9,Ant
TAPINOMA subboreale,Formicidae,9,Ant
TEMNOTHORAX albipennis,Formicidae,9,Ant
TEMNOTHORAX interruptus,Formicidae,9,Ant
TEMNOTHORAX nylanderi,Formicidae,9,Ant
TEMNOTHORAX unifasciatus,Formicidae,9,Ant
TETRAMORIUM bicarinatum,Formicidae,9,Ant
TETRAMORIUM caespitum,Formicidae,9,Ant
TETRAMORIUM caldarium,Formicidae,9,Ant
TETRAMORIUM simillimum,Formicidae,9,Ant
MUTILLA europaea,Mutillidae,11,Wasp
MYRMOSA atra,Mutillidae,11,Wasp
SMICROMYRME rufipes,Mutillidae,11,Wasp
AGENIOIDEUS cinctellus,Pompilidae,13,Wasp
AGENIOIDEUS sericeus,Pompilidae,13,Wasp
ANOPLIUS caviventris,Pompilidae,13,Wasp
ANOPLIUS concinnus,Pompilidae,13,Wasp
ANOPLIUS infuscatus,Pompilidae,13,Wasp
ANOPLIUS nigerrimus,Pompilidae,13,Wasp
ANOPLIUS viaticus,Pompilidae,13,Wasp
APORINELLUS sexmaculatus,Pompilidae,13,Wasp
APORUS unicolor,Pompilidae,13,Wasp
ARACHNOSPILA anceps,Pompilidae,13,Wasp
ARACHNOSPILA consobrina,Pompilidae,13,Wasp
ARACHNOSPILA minutula,Pompilidae,13,Wasp
ARACHNOSPILA rufa,Pompilidae,13,Wasp
ARACHNOSPILA spissa,Pompilidae,13,Wasp
ARACHNOSPILA trivialis,Pompilidae,13,Wasp
ARACHNOSPILA wesmaeli,Pompilidae,13,Wasp
AUPLOPUS carbonarius,Pompilidae,13,Wasp
CALIADURGUS fasciatellus,Pompilidae,13,Wasp
CEROPALES maculata,Pompilidae,13,Wasp
CEROPALES variegata,Pompilidae,13,Wasp
CRYPTOCHEILUS notatus,Pompilidae,13,Wasp
DIPOGON bifasciatus,Pompilidae,13,Wasp
DIPOGON subintermedius,Pompilidae,13,Wasp
DIPOGON variegatus,Pompilidae,13,Wasp
EPISYRON gallicum,Pompilidae,13,Wasp
EPISYRON rufipes,Pompilidae,13,Wasp
EVAGETES crassicornis,Pompilidae,13,Wasp
EVAGETES dubius,Pompilidae,13,Wasp
EVAGETES pectinipes,Pompilidae,13,Wasp
EVAGETES siculus,Pompilidae,13,Wasp
HOMONOTUS sanguinolentus,Pompilidae,13,Wasp
POMPILUS cinereus,Pompilidae,13,Wasp
PRIOCNEMIS agilis,Pompilidae,13,Wasp
PRIOCNEMIS confusor,Pompilidae,13,Wasp
PRIOCNEMIS cordivalvata,Pompilidae,13,Wasp
PRIOCNEMIS coriacea,Pompilidae,13,Wasp
PRIOCNEMIS exaltata,Pompilidae,13,Wasp
PRIOCNEMIS fennica,Pompilidae,13,Wasp
PRIOCNEMIS hyalinata,Pompilidae,13,Wasp
PRIOCNEMIS parvula,Pompilidae,13,Wasp
PRIOCNEMIS perturbator,Pompilidae,13,Wasp
PRIOCNEMIS propinqua,Pompilidae,13,Wasp
PRIOCNEMIS pusilla,Pompilidae,13,Wasp
PRIOCNEMIS schioedtei,Pompilidae,13,Wasp
PRIOCNEMIS susterai,Pompilidae,13,Wasp
MONOSAPYGA clavicornis,Sapygidae,15,Wasp
SAPYGA quinquepunctata,Sapygidae,15,Wasp
METHOCHA articulata,Tiphiidae,17,Wasp
TIPHIA femorata,Tiphiidae,17,Wasp
TIPHIA minuta,Tiphiidae,17,Wasp
ANCISTROCERUS antilope,Vespidae,19,Wasp
ANCISTROCERUS gazella,Vespidae,19,Wasp
ANCISTROCERUS nigricornis,Vespidae,19,Wasp
ANCISTROCERUS oviventris,Vespidae,19,Wasp
ANCISTROCERUS parietinus,Vespidae,19,Wasp
ANCISTROCERUS parietum,Vespidae,19,Wasp
ANCISTROCERUS quadratus,Vespidae,19,Wasp
ANCISTROCERUS scoticus,Vespidae,19,Wasp
ANCISTROCERUS trifasciatus,Vespidae,19,Wasp
DOLICHOVESPULA media,Vespidae,19,Wasp
DOLICHOVESPULA norwegica,Vespidae,19,Wasp
DOLICHOVESPULA saxonica,Vespidae,19,Wasp
DOLICHOVESPULA sylvestris,Vespidae,19,Wasp
EUMENES coarctatus,Vespidae,19,Wasp
EUMENES papillarius,Vespidae,19,Wasp
EUODYNERUS quadrifasciatus,Vespidae,19,Wasp
GYMNOMERUS laevipes,Vespidae,19,Wasp
MICRODYNERUS exilis,Vespidae,19,Wasp
ODYNERUS melanocephalus,Vespidae,19,Wasp
ODYNERUS reniformis,Vespidae,19,Wasp
ODYNERUS simillimus,Vespidae,19,Wasp
ODYNERUS spinipes,Vespidae,19,Wasp
POLISTES dominula,Vespidae,19,Wasp
PSEUDEPIPONA herrichii,Vespidae,19,Wasp
PTEROCHEILUS phaleratus,Vespidae,19,Wasp
SYMMORPHUS bifasciatus,Vespidae,19,Wasp
SYMMORPHUS connexus,Vespidae,19,Wasp
SYMMORPHUS crassicornis,Vespidae,19,Wasp
SYMMORPHUS gracilis,Vespidae,19,Wasp
VESPA crabro,Vespidae,19,Wasp
VESPULA austriaca,Vespidae,19,Wasp
VESPULA germanica,Vespidae,19,Wasp
VESPULA rufa,Vespidae,19,Wasp
VESPULA vulgaris,Vespidae,19,Wasp
ARGOGORYTES fargeii,Crabronidae,21,Wasp
ARGOGORYTES mystaceus,Crabronidae,21,Wasp
ASTATA boops,Crabronidae,21,Wasp
BEMBIX rostrata,Crabronidae,21,Wasp
CERCERIS arenaria,Crabronidae,21,Wasp
CERCERIS quadricincta,Crabronidae,21,Wasp
CERCERIS quinquefasciata,Crabronidae,21,Wasp
CERCERIS ruficornis,Crabronidae,21,Wasp
CERCERIS rybyensis,Crabronidae,21,Wasp
CERCERIS sabulosa,Crabronidae,21,Wasp
CRABRO cribrarius,Crabronidae,21,Wasp
CRABRO peltarius,Crabronidae,21,Wasp
CRABRO scutellatus,Crabronidae,21,Wasp
CROSSOCERUS annulipes,Crabronidae,21,Wasp
CROSSOCERUS binotatus,Crabronidae,21,Wasp
CROSSOCERUS capitosus,Crabronidae,21,Wasp
CROSSOCERUS cetratus,Crabronidae,21,Wasp
CROSSOCERUS congener,Crabronidae,21,Wasp
CROSSOCERUS dimidiatus,Crabronidae,21,Wasp
CROSSOCERUS distinguendus,Crabronidae,21,Wasp
CROSSOCERUS elongatulus,Crabronidae,21,Wasp
CROSSOCERUS exiguus,Crabronidae,21,Wasp
CROSSOCERUS leucostomus,Crabronidae,21,Wasp
CROSSOCERUS megacephalus,Crabronidae,21,Wasp
CROSSOCERUS nigritus,Crabronidae,21,Wasp
CROSSOCERUS ovalis,Crabronidae,21,Wasp
CROSSOCERUS palmipes,Crabronidae,21,Wasp
CROSSOCERUS podagricus,Crabronidae,21,Wasp
CROSSOCERUS quadrimaculatus,Crabronidae,21,Wasp
CROSSOCERUS styrius,Crabronidae,21,Wasp
CROSSOCERUS tarsatus,Crabronidae,21,Wasp
CROSSOCERUS vagabundus,Crabronidae,21,Wasp
CROSSOCERUS varus,Crabronidae,21,Wasp
CROSSOCERUS walkeri,Crabronidae,21,Wasp
CROSSOCERUS wesmaeli,Crabronidae,21,Wasp
DIDINEIS lunicornis,Crabronidae,21,Wasp
DINETUS pictus,Crabronidae,21,Wasp
DIODONTUS insidiosus,Crabronidae,21,Wasp
DIODONTUS luperus,Crabronidae,21,Wasp
DIODONTUS minutus,Crabronidae,21,Wasp
DIODONTUS tristis,Crabronidae,21,Wasp
DRYUDELLA pinguis,Crabronidae,21,Wasp
ECTEMNIUS borealis,Crabronidae,21,Wasp
ECTEMNIUS cavifrons,Crabronidae,21,Wasp
ECTEMNIUS cephalotes,Crabronidae,21,Wasp
ECTEMNIUS continuus,Crabronidae,21,Wasp
ECTEMNIUS dives,Crabronidae,21,Wasp
ECTEMNIUS lapidarius,Crabronidae,21,Wasp
ECTEMNIUS lituratus,Crabronidae,21,Wasp
ECTEMNIUS rubicola,Crabronidae,21,Wasp
ECTEMNIUS ruficornis,Crabronidae,21,Wasp
ECTEMNIUS sexcinctus,Crabronidae,21,Wasp
ENTOMOGNATHUS brevis,Crabronidae,21,Wasp
GORYTES laticinctus,Crabronidae,21,Wasp
GORYTES quadrifasciatus,Crabronidae,21,Wasp
HARPACTUS tumidus,Crabronidae,21,Wasp
HOPLISOIDES punctuosus,Crabronidae,21,Wasp
LESTICA clypeata,Crabronidae,21,Wasp
LESTIPHORUS bicinctus,Crabronidae,21,Wasp
LINDENIUS albilabris,Crabronidae,21,Wasp
LINDENIUS panzeri,Crabronidae,21,Wasp
LINDENIUS pygmaeus,Crabronidae,21,Wasp
MELLINUS arvensis,Crabronidae,21,Wasp
MELLINUS crabroneus,Crabronidae,21,Wasp
MIMESA bicolor,Crabronidae,21,Wasp
MIMESA bruxellensis,Crabronidae,21,Wasp
MIMESA equestris,Crabronidae,21,Wasp
MIMESA lutaria,Crabronidae,21,Wasp
MIMUMESA atratina,Crabronidae,21,Wasp
MIMUMESA dahlbomi,Crabronidae,21,Wasp
MIMUMESA littoralis,Crabronidae,21,Wasp
MIMUMESA spooneri,Crabronidae,21,Wasp
MIMUMESA unicolor,Crabronidae,21,Wasp
MISCOPHUS ater,Crabronidae,21,Wasp
MISCOPHUS bicolor,Crabronidae,21,Wasp
MISCOPHUS concolor,Crabronidae,21,Wasp
NITELA borealis,Crabronidae,21,Wasp
NITELA lucens,Crabronidae,21,Wasp
NYSSON dimidiatus,Crabronidae,21,Wasp
NYSSON interruptus,Crabronidae,21,Wasp
NYSSON spinosus,Crabronidae,21,Wasp
NYSSON trimaculatus,Crabronidae,21,Wasp
OXYBELUS argentatus,Crabronidae,21,Wasp
OXYBELUS mandibularis,Crabronidae,21,Wasp
OXYBELUS uniglumis,Crabronidae,21,Wasp
PASSALOECUS clypealis,Crabronidae,21,Wasp
PASSALOECUS corniger,Crabronidae,21,Wasp
PASSALOECUS eremita,Crabronidae,21,Wasp
PASSALOECUS gracilis,Crabronidae,21,Wasp
PASSALOECUS insignis,Crabronidae,21,Wasp
PASSALOECUS monilicornis,Crabronidae,21,Wasp
PASSALOECUS singularis,Crabronidae,21,Wasp
PASSALOECUS turionum,Crabronidae,21,Wasp
PEMPHREDON austriaca,Crabronidae,21,Wasp
PEMPHREDON enslini,Crabronidae,21,Wasp
PEMPHREDON inornata,Crabronidae,21,Wasp
PEMPHREDON lethifer,Crabronidae,21,Wasp
PEMPHREDON lugubris,Crabronidae,21,Wasp
PEMPHREDON morio,Crabronidae,21,Wasp
PEMPHREDON mortifer,Crabronidae,21,Wasp
PEMPHREDON rugifer,Crabronidae,21,Wasp
PEMPHREDON wesmaeli,Crabronidae,21,Wasp
PHILANTHUS triangulum,Crabronidae,21,Wasp
PSEN ater,Crabronidae,21,Wasp
PSENULUS concolor,Crabronidae,21,Wasp
PSENULUS pallipes,Crabronidae,21,Wasp
PSENULUS schencki,Crabronidae,21,Wasp
RHOPALUM clavipes,Crabronidae,21,Wasp
RHOPALUM coarctatum,Crabronidae,21,Wasp
RHOPALUM gracile,Crabronidae,21,Wasp
SPILOMENA beata,Crabronidae,21,Wasp
SPILOMENA curruca,Crabronidae,21,Wasp
SPILOMENA differens,Crabronidae,21,Wasp
SPILOMENA enslini,Crabronidae,21,Wasp
SPILOMENA troglodytes,Crabronidae,21,Wasp
STIGMUS pendulus,Crabronidae,21,Wasp
STIGMUS solskyi,Crabronidae,21,Wasp
TACHYSPHEX nitidus,Crabronidae,21,Wasp
TACHYSPHEX obscuripennis,Crabronidae,21,Wasp
TACHYSPHEX pompiliformis,Crabronidae,21,Wasp
TACHYSPHEX psammobius,Crabronidae,21,Wasp
TACHYSPHEX unicolor s.l.,Crabronidae,21,Wasp
TACHYSPHEX unicolor s.s.,Crabronidae,21,Wasp
TRYPOXYLON attenuatum,Crabronidae,21,Wasp
TRYPOXYLON clavicerum,Crabronidae,21,Wasp
TRYPOXYLON figulus s.l.,Crabronidae,21,Wasp
TRYPOXYLON figulus s.s.,Crabronidae,21,Wasp
TRYPOXYLON medium,Crabronidae,21,Wasp
TRYPOXYLON minus,Crabronidae,21,Wasp
AMMOPHILA campestris,Sphecidae,23,Wasp
AMMOPHILA pubescens,Sphecidae,23,Wasp
AMMOPHILA sabulosa,Sphecidae,23,Wasp
PODALONIA affinis,Sphecidae,23,Wasp
PODALONIA hirsuta,Sphecidae,23,Wasp
PODALONIA luffii,Sphecidae,23,Wasp
SPHEX rufocincta,Sphecidae,23,Wasp
Sphex funerarius,Sphecidae,23,Wasp
ANDRENA agilissima,Andrenidae,25,Bee
ANDRENA alfkenella,Andrenidae,25,Bee
ANDRENA angustior,Andrenidae,25,Bee
ANDRENA apicata,Andrenidae,25,Bee
ANDRENA argentata,Andrenidae,25,Bee
ANDRENA barbilabris,Andrenidae,25,Bee
ANDRENA bicolor,Andrenidae,25,Bee
ANDRENA bimaculata,Andrenidae,25,Bee
ANDRENA bucephala,Andrenidae,25,Bee
ANDRENA carantonica,Andrenidae,25,Bee
ANDRENA chrysosceles,Andrenidae,25,Bee
ANDRENA cineraria,Andrenidae,25,Bee
ANDRENA clarkella,Andrenidae,25,Bee
ANDRENA coitana,Andrenidae,25,Bee
ANDRENA congruens,Andrenidae,25,Bee
ANDRENA denticulata,Andrenidae,25,Bee
ANDRENA dorsata,Andrenidae,25,Bee
ANDRENA falsifica,Andrenidae,25,Bee
ANDRENA ferox,Andrenidae,25,Bee
ANDRENA flavipes,Andrenidae,25,Bee
ANDRENA florea,Andrenidae,25,Bee
ANDRENA floricola,Andrenidae,25,Bee
ANDRENA fucata,Andrenidae,25,Bee
ANDRENA fulva,Andrenidae,25,Bee
ANDRENA fulvago,Andrenidae,25,Bee
ANDRENA fuscipes,Andrenidae,25,Bee
ANDRENA gravida,Andrenidae,25,Bee
ANDRENA haemorrhoa,Andrenidae,25,Bee
ANDRENA hattorfiana,Andrenidae,25,Bee
ANDRENA helvola,Andrenidae,25,Bee
ANDRENA humilis,Andrenidae,25,Bee
ANDRENA labialis,Andrenidae,25,Bee
ANDRENA labiata,Andrenidae,25,Bee
ANDRENA lapponica,Andrenidae,25,Bee
ANDRENA lathyri,Andrenidae,25,Bee
ANDRENA lepida,Andrenidae,25,Bee
ANDRENA marginata,Andrenidae,25,Bee
ANDRENA minutula,Andrenidae,25,Bee
ANDRENA minutuloides,Andrenidae,25,Bee
ANDRENA nana,Andrenidae,25,Bee
ANDRENA nanula,Andrenidae,25,Bee
ANDRENA nigriceps,Andrenidae,25,Bee
ANDRENA nigroaenea,Andrenidae,25,Bee
ANDRENA nigrospina,Andrenidae,25,Bee
ANDRENA nitida,Andrenidae,25,Bee
ANDRENA nitidiuscula,Andrenidae,25,Bee
ANDRENA niveata,Andrenidae,25,Bee
ANDRENA ovatula,Andrenidae,25,Bee
ANDRENA pilipes s.l.,Andrenidae,25,Bee
ANDRENA pilipes s.s.,Andrenidae,25,Bee
ANDRENA polita,Andrenidae,25,Bee
ANDRENA praecox,Andrenidae,25,Bee
ANDRENA proxima,Andrenidae,25,Bee
ANDRENA rosae,Andrenidae,25,Bee
ANDRENA ruficrus,Andrenidae,25,Bee
ANDRENA semilaevis,Andrenidae,25,Bee
ANDRENA similis,Andrenidae,25,Bee
ANDRENA simillima,Andrenidae,25,Bee
ANDRENA subopaca,Andrenidae,25,Bee
ANDRENA synadelpha,Andrenidae,25,Bee
ANDRENA tarsata,Andrenidae,25,Bee
ANDRENA thoracica,Andrenidae,25,Bee
ANDRENA tibialis,Andrenidae,25,Bee
ANDRENA tridentata,Andrenidae,25,Bee
ANDRENA trimmerana,Andrenidae,25,Bee
ANDRENA vaga,Andrenidae,25,Bee
ANDRENA varians,Andrenidae,25,Bee
ANDRENA wilkella,Andrenidae,25,Bee
PANURGUS banksianus,Andrenidae,25,Bee
PANURGUS calcaratus,Andrenidae,25,Bee
ANTHOPHORA bimaculata,Apidae,27,Bee
ANTHOPHORA furcata,Apidae,27,Bee
ANTHOPHORA plumipes,Apidae,27,Bee
ANTHOPHORA quadrimaculata,Apidae,27,Bee
ANTHOPHORA retusa,Apidae,27,Bee
APIS mellifera,Apidae,27,Bee
BOMBUS barbutellus,Apidae,27,Bee
BOMBUS bohemicus,Apidae,27,Bee
BOMBUS campestris,Apidae,27,Bee
BOMBUS cryptarum,Apidae,27,Bee
BOMBUS cullumanus,Apidae,27,Bee
BOMBUS distinguendus,Apidae,27,Bee
BOMBUS hortorum,Apidae,27,Bee
BOMBUS humilis,Apidae,27,Bee
BOMBUS hypnorum,Apidae,27,Bee
BOMBUS jonellus,Apidae,27,Bee
BOMBUS lapidarius,Apidae,27,Bee
BOMBUS lucorum s.l.,Apidae,27,Bee
BOMBUS lucorum s.s.,Apidae,27,Bee
BOMBUS magnus,Apidae,27,Bee
BOMBUS monticola,Apidae,27,Bee
BOMBUS muscorum,Apidae,27,Bee
BOMBUS pascuorum,Apidae,27,Bee
BOMBUS pomorum,Apidae,27,Bee
BOMBUS pratorum,Apidae,27,Bee
BOMBUS ruderarius,Apidae,27,Bee
BOMBUS ruderatus,Apidae,27,Bee
BOMBUS rupestris,Apidae,27,Bee
BOMBUS soroeensis,Apidae,27,Bee
BOMBUS subterraneus,Apidae,27,Bee
BOMBUS sylvarum,Apidae,27,Bee
BOMBUS sylvestris,Apidae,27,Bee
BOMBUS terrestris,Apidae,27,Bee
BOMBUS vestalis,Apidae,27,Bee
CERATINA cyanea,Apidae,27,Bee
EPEOLUS cruciger,Apidae,27,Bee
EPEOLUS variegatus,Apidae,27,Bee
EUCERA longicornis,Apidae,27,Bee
EUCERA nigrescens,Apidae,27,Bee
MELECTA albifrons,Apidae,27,Bee
MELECTA luctuosa,Apidae,27,Bee
NOMADA argentata,Apidae,27,Bee
NOMADA armata,Apidae,27,Bee
NOMADA baccata,Apidae,27,Bee
NOMADA castellana,Apidae,27,Bee
NOMADA conjungens,Apidae,27,Bee
NOMADA errans,Apidae,27,Bee
NOMADA fabriciana,Apidae,27,Bee
NOMADA ferruginata,Apidae,27,Bee
NOMADA flava,Apidae,27,Bee
NOMADA flavoguttata,Apidae,27,Bee
NOMADA flavopicta,Apidae,27,Bee
NOMADA fucata,Apidae,27,Bee
NOMADA fulvicornis,Apidae,27,Bee
NOMADA fuscicornis,Apidae,27,Bee
NOMADA goodeniana,Apidae,27,Bee
NOMADA guttulata,Apidae,27,Bee
NOMADA hirtipes,Apidae,27,Bee
NOMADA integra,Apidae,27,Bee
NOMADA lathburiana,Apidae,27,Bee
NOMADA leucophthalma,Apidae,27,Bee
NOMADA marshamella,Apidae,27,Bee
NOMADA obtusifrons,Apidae,27,Bee
NOMADA panzeri,Apidae,27,Bee
NOMADA roberjeotiana,Apidae,27,Bee
NOMADA ruficornis,Apidae,27,Bee
NOMADA rufipes,Apidae,27,Bee
NOMADA sexfasciata,Apidae,27,Bee
NOMADA sheppardana,Apidae,27,Bee
NOMADA signata,Apidae,27,Bee
NOMADA similis,Apidae,27,Bee
NOMADA striata,Apidae,27,Bee
NOMADA succincta,Apidae,27,Bee
NOMADA zonata,Apidae,27,Bee
XYLOCOPA violacea,Apidae,27,Bee
COLLETES cunicularius,Colletidae,29,Bee
COLLETES daviesanus,Colletidae,29,Bee
COLLETES floralis,Colletidae,29,Bee
COLLETES fodiens,Colletidae,29,Bee
COLLETES halophilus,Colletidae,29,Bee
COLLETES hederae,Colletidae,29,Bee
COLLETES marginatus,Colletidae,29,Bee
COLLETES similis,Colletidae,29,Bee
COLLETES succinctus,Colletidae,29,Bee
HYLAEUS brevicornis,Colletidae,29,Bee
HYLAEUS communis,Colletidae,29,Bee
HYLAEUS confusus,Colletidae,29,Bee
HYLAEUS cornutus,Colletidae,29,Bee
HYLAEUS dilatatus,Colletidae,29,Bee
HYLAEUS hyalinatus,Colletidae,29,Bee
HYLAEUS incongruus,Colletidae,29,Bee
HYLAEUS pectoralis,Colletidae,29,Bee
HYLAEUS pictipes,Colletidae,29,Bee
HYLAEUS punctulatissimus,Colletidae,29,Bee
HYLAEUS signatus,Colletidae,29,Bee
HYLAEUS annularis,Colletidae,29,Bee
DUFOUREA halictula,Halictidae,31,Bee
DUFOUREA minuta,Halictidae,31,Bee
HALICTUS confusus,Halictidae,31,Bee
HALICTUS eurygnathus,Halictidae,31,Bee
HALICTUS maculatus,Halictidae,31,Bee
HALICTUS quadricinctus,Halictidae,31,Bee
HALICTUS rubicundus,Halictidae,31,Bee
HALICTUS scabiosae,Halictidae,31,Bee
HALICTUS subauratus,Halictidae,31,Bee
HALICTUS tumulorum,Halictidae,31,Bee
LASIOGLOSSUM albipes,Halictidae,31,Bee
LASIOGLOSSUM angusticeps,Halictidae,31,Bee
LASIOGLOSSUM brevicorne,Halictidae,31,Bee
LASIOGLOSSUM calceatum,Halictidae,31,Bee
LASIOGLOSSUM cupromicans,Halictidae,31,Bee
LASIOGLOSSUM fratellum,Halictidae,31,Bee
LASIOGLOSSUM fulvicorne,Halictidae,31,Bee
LASIOGLOSSUM laeve,Halictidae,31,Bee
LASIOGLOSSUM laevigatum,Halictidae,31,Bee
LASIOGLOSSUM laticeps,Halictidae,31,Bee
LASIOGLOSSUM lativentre,Halictidae,31,Bee
LASIOGLOSSUM leucopus,Halictidae,31,Bee
LASIOGLOSSUM leucozonium,Halictidae,31,Bee
LASIOGLOSSUM limbellum,Halictidae,31,Bee
LASIOGLOSSUM malachurum,Halictidae,31,Bee
LASIOGLOSSUM minutissimum,Halictidae,31,Bee
LASIOGLOSSUM morio,Halictidae,31,Bee
LASIOGLOSSUM nitidiusculum,Halictidae,31,Bee
LASIOGLOSSUM parvulum,Halictidae,31,Bee
LASIOGLOSSUM pauperatum,Halictidae,31,Bee
LASIOGLOSSUM pauxillum,Halictidae,31,Bee
LASIOGLOSSUM prasinum,Halictidae,31,Bee
LASIOGLOSSUM punctatissimum,Halictidae,31,Bee
LASIOGLOSSUM puncticolle,Halictidae,31,Bee
LASIOGLOSSUM quadrinotatum,Halictidae,31,Bee
LASIOGLOSSUM rufitarse,Halictidae,31,Bee
LASIOGLOSSUM semilucens,Halictidae,31,Bee
LASIOGLOSSUM sexnotatum,Halictidae,31,Bee
LASIOGLOSSUM sexstrigatum,Halictidae,31,Bee
LASIOGLOSSUM smeathmanellum,Halictidae,31,Bee
LASIOGLOSSUM villosulum,Halictidae,31,Bee
LASIOGLOSSUM xanthopus,Halictidae,31,Bee
LASIOGLOSSUM zonulum,Halictidae,31,Bee
ROPHITES quinquespinosus,Halictidae,31,Bee
SPHECODES crassus,Halictidae,31,Bee
SPHECODES ephippius,Halictidae,31,Bee
SPHECODES ferruginatus,Halictidae,31,Bee
SPHECODES geoffrellus,Halictidae,31,Bee
SPHECODES gibbus,Halictidae,31,Bee
SPHECODES hyalinatus,Halictidae,31,Bee
SPHECODES longulus,Halictidae,31,Bee
SPHECODES marginatus,Halictidae,31,Bee
SPHECODES miniatus,Halictidae,31,Bee
SPHECODES monilicornis,Halictidae,31,Bee
SPHECODES niger,Halictidae,31,Bee
SPHECODES pellucidus,Halictidae,31,Bee
SPHECODES puncticeps,Halictidae,31,Bee
SPHECODES reticulatus,Halictidae,31,Bee
SPHECODES rubicundus,Halictidae,31,Bee
SPHECODES scabricollis,Halictidae,31,Bee
SPHECODES spinulosus,Halictidae,31,Bee
ANTHIDIUM manicatum,Megachilidae,33,Bee
CHELOSTOMA campanularum,Megachilidae,33,Bee
CHELOSTOMA florisomne,Megachilidae,33,Bee
COELIOXYS afra,Megachilidae,33,Bee
COELIOXYS brevis,Megachilidae,33,Bee
COELIOXYS conoidea,Megachilidae,33,Bee
COELIOXYS elongata,Megachilidae,33,Bee
COELIOXYS inermis,Megachilidae,33,Bee
COELIOXYS mandibularis,Megachilidae,33,Bee
COELIOXYS quadridentata,Megachilidae,33,Bee
COELIOXYS rufescens,Megachilidae,33,Bee
HERIADES rubicola,Megachilidae,33,Bee
HERIADES truncorum,Megachilidae,33,Bee
HOPLITIS claviventris,Megachilidae,33,Bee
HOPLITIS leucomelana,Megachilidae,33,Bee
MEGACHILE centuncularis,Megachilidae,33,Bee
MEGACHILE circumcincta,Megachilidae,33,Bee
MEGACHILE ericetorum,Megachilidae,33,Bee
MEGACHILE lapponica,Megachilidae,33,Bee
MEGACHILE leachella,Megachilidae,33,Bee
MEGACHILE ligniseca,Megachilidae,33,Bee
MEGACHILE maritima,Megachilidae,33,Bee
MEGACHILE versicolor,Megachilidae,33,Bee
MEGACHILE willughbiella,Megachilidae,33,Bee
OSMIA aurulenta,Megachilidae,33,Bee
OSMIA bicolor,Megachilidae,33,Bee
OSMIA bicornis,Megachilidae,33,Bee
OSMIA caerulescens,Megachilidae,33,Bee
OSMIA inermis,Megachilidae,33,Bee
OSMIA leaiana,Megachilidae,33,Bee
OSMIA niveata,Megachilidae,33,Bee
OSMIA parietina,Megachilidae,33,Bee
OSMIA pilicornis,Megachilidae,33,Bee
OSMIA spinulosa,Megachilidae,33,Bee
OSMIA uncinata,Megachilidae,33,Bee
OSMIA xanthomelana,Megachilidae,33,Bee
STELIS breviuscula,Megachilidae,33,Bee
STELIS ornatula,Megachilidae,33,Bee
STELIS phaeoptera,Megachilidae,33,Bee
STELIS punctulatissima,Megachilidae,33,Bee
DASYPODA hirtipes,Melittidae,35,Bee
MACROPIS europaea,Melittidae,35,Bee
MELITTA dimidiata,Melittidae,35,Bee
MELITTA haemorrhoidalis,Melittidae,35,Bee
MELITTA leporina,Melittidae,35,Bee
MELITTA tricincta,Melittidae,35,Bee
